12500,Honda Tanaka,012345678,092345678,Engineer,Father
22500,Hirano Mitsuko,012345679,092345679,Teacher,Mother
21250,Maeda Katsuya,012345670,092345670,Doctor,Father
23750,Fukuda Harumi,012345671,092345671,Nurse,Mother
16250,Ito Kenji,012345672,092345672,Engineer,Father
25153,Huyty Sorn,012345673,092345673,Chef,Mother
25610,Someth Phan,012345674,092345674,Driver,Father
15000,Tanaka Haruki,012345675,092345675,Teacher,Mother
20000,Yamamoto Taro,012345676,092345676,Police Officer,Father
17500,Sato Yuko,012345677,092345677,Artist,Mother
12501,Nakajima Reiko,012345678,092345678,Engineer,Father
22501,Suzuki Chie,012345679,092345679,Doctor,Mother
13750,Takahashi Hiro,012345680,092345680,Lawyer,Father
18750,Watanabe Keiko,012345681,092345681,Chef,Mother
26250,Kudo Michio,012345682,092345682,Teacher,Father
16251,Matsumoto Naomi,012345683,092345683,Engineer,Mother
18751,Fujimoto Akira,012345684,092345684,Police Officer,Father
13751,Nakamura Megumi,012345685,092345685,Doctor,Mother
11250,Takeda Satoshi,012345686,092345686,Artist,Father
15001,Ito Hana,012345687,092345687,Teacher,Mother
22502,Saito Hitomi,012345688,092345688,Engineer,Father
16252,Kato Takumi,012345689,092345689,Chef,Mother
17501,Takahashi Satomi,012345690,092345690,Driver,Father
13752,Yamada Hina,012345691,092345691,Police Officer,Mother
21251,Ueda Masato,012345692,092345692,Teacher,Father
26251,Inoue Riko,012345693,092345693,Artist,Mother
11251,Kaneko Tomoya,012345694,092345694,Engineer,Father
18752,Hayashi Akemi,012345695,092345695,Doctor,Mother
17502,Taniguchi Kouki,012345696,092345696,Chef,Father
12502,Mori Sayaka,012345697,092345697,Teacher,Mother
23751,Shimizu Shinji,012345698,092345698,Engineer,Father
15002,Nitta Ayane,012345699,092345699,Police Officer,Mother
22503,Fujikawa Yuna,012345700,092345700,Doctor,Father
11252,Suzuki Mizuki,012345701,092345701,Teacher,Mother
17503,Okada Issei,012345702,092345702,Chef,Father
23752,Wada Yuuki,012345703,092345703,Artist,Mother
15003,Yamaguchi Kasumi,012345704,092345704,Engineer,Father
16253,Nagasawa Shunpei,012345705,092345705,Teacher,Mother
13753,Nishimura Emi,012345706,092345706,Doctor,Father
11253,Sakamoto Sho,012345707,092345707,Chef,Mother
17504,Miyamoto Naoko,012345708,092345708,Engineer,Father
23753,Otsuka Rina,012345709,092345709,Teacher,Mother
15004,Murata Takuya,012345710,092345710,Police Officer,Father
13754,Hashimoto Masashi,012345711,092345711,Artist,Mother
25001,Hyun Kim,012345712,092345712,Engineer,Father
23754,Lyming Pheng,012425925,053291021,Driver,Father
5423,Eren Jaeger,098888888,097777777,Founding Titan,Great Grandfather
